EconomyKey,DateKey,LocationKey,Unemployment_Rate_Pct,Inflation_Rate_Pct,GDP_Growth_Rate_Pct,Turnover_Rate_Avg_Pct,Employment_Growth_Rate_Pct,Market_Confidence_Index,Dominant_Economic_Event,Interest_Rate_Pct,DataSource
1,534,351,0.028,0.031,0.037,0.27,0.032,64.0,Tech Boom,0.037,Simulated Bureau of Statistics
2,2186,799,0.084,0.07,0.021,0.22,-0.008,68.1,Post-Pandemic Recovery,0.024,Simulated Bureau of Statistics
3,205,430,0.052,0.03,-0.005,0.12,0.014,46.4,Inflation Spike,0.032,Simulated Bureau of Statistics
4,1414,187,0.02,0.03,-0.013,0.26,0.019,42.8,Stable Growth,0.023,Simulated Bureau of Statistics
5,1066,553,0.07,0.049,0.019,0.13,0.012,52.7,Post-Pandemic Recovery,0.023,Simulated Bureau of Statistics
6,1999,929,0.024,0.019,0.049,0.26,0.011,46.8,Stable Growth,0.041,Simulated Bureau of Statistics
7,1598,700,0.048,0.038,0.031,0.18,-0.007,52.7,Post-Pandemic Recovery,0.049,Simulated Bureau of Statistics
8,747,574,0.085,0.056,-0.009,0.18,0.03,48.5,Inflation Spike,0.017,Simulated Bureau of Statistics
9,1046,360,0.088,0.03,0.04,0.13,0.004,55.5,Post-Pandemic Recovery,0.041,Simulated Bureau of Statistics
10,731,588,0.025,0.023,0.003,0.22,0.017,57.6,Tech Boom,0.023,Simulated Bureau of Statistics
11,519,880,0.047,0.074,-0.008,0.19,0.006,84.9,Post-Pandemic Recovery,0.039,Simulated Bureau of Statistics
12,1037,207,0.021,0.022,0.042,0.29,0.033,59.0,Tech Boom,0.026,Simulated Bureau of Statistics
13,1252,596,0.059,0.03,0.022,0.26,0.002,50.5,Stable Growth,0.031,Simulated Bureau of Statistics
14,802,278,0.045,0.034,0.027,0.27,0.005,88.9,Post-Pandemic Recovery,0.027,Simulated Bureau of Statistics
15,752,645,0.047,0.055,0.0,0.21,0.022,53.1,Tech Boom,0.033,Simulated Bureau of Statistics
16,550,200,0.051,0.066,-0.008,0.15,0.013,83.9,Stable Growth,0.042,Simulated Bureau of Statistics
17,1783,447,0.051,0.045,0.023,0.27,0.016,42.7,Stable Growth,0.049,Simulated Bureau of Statistics
18,894,716,0.036,0.017,0.047,0.26,0.02,66.7,Tech Boom,0.037,Simulated Bureau of Statistics
19,438,778,0.027,0.077,0.021,0.15,0.033,59.3,Inflation Spike,0.031,Simulated Bureau of Statistics
20,1140,781,0.1,0.06,0.013,0.22,-0.01,59.1,Tech Boom,0.036,Simulated Bureau of Statistics
21,2022,9,0.054,0.016,0.004,0.18,-0.008,52.3,Post-Pandemic Recovery,0.036,Simulated Bureau of Statistics
22,1996,534,0.092,0.011,-0.013,0.11,0.036,75.3,Stable Growth,0.026,Simulated Bureau of Statistics
23,1985,231,0.051,0.049,0.021,0.2,0.021,78.4,Tech Boom,0.024,Simulated Bureau of Statistics
24,2015,375,0.029,0.06,0.037,0.28,0.037,48.7,Stable Growth,0.045,Simulated Bureau of Statistics
25,1492,177,0.071,0.034,0.025,0.22,-0.009,53.7,Post-Pandemic Recovery,0.012,Simulated Bureau of Statistics
26,272,236,0.039,0.064,0.047,0.18,0.032,69.6,Post-Pandemic Recovery,0.018,Simulated Bureau of Statistics
27,1981,448,0.094,0.047,0.018,0.27,0.029,86.5,Stable Growth,0.013,Simulated Bureau of Statistics
28,2169,399,0.034,0.032,0.029,0.1,0.013,44.9,Tech Boom,0.03,Simulated Bureau of Statistics
29,1502,761,0.075,0.063,-0.005,0.1,-0.001,49.4,Stable Growth,0.013,Simulated Bureau of Statistics
30,95,185,0.046,0.05,0.034,0.11,0.002,51.6,Tech Boom,0.049,Simulated Bureau of Statistics
31,739,788,0.035,0.042,0.002,0.29,0.014,49.0,Tech Boom,0.01,Simulated Bureau of Statistics
32,1881,776,0.063,0.043,-0.011,0.15,0.003,72.5,Inflation Spike,0.039,Simulated Bureau of Statistics
33,820,291,0.084,0.036,0.033,0.2,-0.006,44.9,Stable Growth,0.044,Simulated Bureau of Statistics
34,196,694,0.052,0.055,0.016,0.14,0.036,89.9,Inflation Spike,0.016,Simulated Bureau of Statistics
35,1598,92,0.033,0.019,0.028,0.13,0.008,82.0,Stable Growth,0.012,Simulated Bureau of Statistics
36,1241,860,0.026,0.046,-0.004,0.18,-0.005,68.3,Post-Pandemic Recovery,0.018,Simulated Bureau of Statistics
37,2076,151,0.034,0.051,-0.007,0.23,-0.001,86.2,Tech Boom,0.015,Simulated Bureau of Statistics
38,1236,214,0.042,0.078,-0.009,0.27,0.011,57.6,Post-Pandemic Recovery,0.034,Simulated Bureau of Statistics
39,1071,655,0.079,0.075,0.017,0.29,0.039,41.6,Inflation Spike,0.04,Simulated Bureau of Statistics
40,480,57,0.062,0.037,-0.015,0.23,-0.007,63.2,Post-Pandemic Recovery,0.026,Simulated Bureau of Statistics
41,601,529,0.039,0.055,-0.011,0.21,0.002,88.3,Stable Growth,0.037,Simulated Bureau of Statistics
42,545,593,0.071,0.037,-0.004,0.18,0.008,88.4,Inflation Spike,0.048,Simulated Bureau of Statistics
43,2055,316,0.041,0.056,0.048,0.23,0.029,50.4,Tech Boom,0.045,Simulated Bureau of Statistics
44,354,841,0.078,0.051,0.032,0.13,0.02,60.1,Tech Boom,0.028,Simulated Bureau of Statistics
45,171,161,0.049,0.017,0.012,0.22,0.006,66.6,Stable Growth,0.017,Simulated Bureau of Statistics
46,182,398,0.061,0.042,0.044,0.23,-0.001,82.3,Tech Boom,0.027,Simulated Bureau of Statistics
47,173,895,0.081,0.027,-0.011,0.15,0.038,83.2,Tech Boom,0.014,Simulated Bureau of Statistics
48,1037,304,0.047,0.072,0.044,0.23,-0.009,47.9,Inflation Spike,0.038,Simulated Bureau of Statistics
49,2086,895,0.048,0.077,0.05,0.26,0.017,84.3,Tech Boom,0.011,Simulated Bureau of Statistics
50,206,666,0.062,0.015,-0.017,0.14,0.008,51.8,Tech Boom,0.029,Simulated Bureau of Statistics
51,1445,308,0.055,0.051,-0.001,0.26,0.004,76.3,Post-Pandemic Recovery,0.011,Simulated Bureau of Statistics
52,724,41,0.073,0.021,0.038,0.26,-0.009,44.4,Stable Growth,0.045,Simulated Bureau of Statistics
53,1562,501,0.041,0.016,0.019,0.25,-0.002,78.8,Stable Growth,0.02,Simulated Bureau of Statistics
54,117,357,0.046,0.039,-0.019,0.12,0.04,58.2,Inflation Spike,0.024,Simulated Bureau of Statistics
55,619,78,0.044,0.017,-0.006,0.23,0.038,49.4,Inflation Spike,0.014,Simulated Bureau of Statistics
56,479,628,0.021,0.047,-0.001,0.29,0.004,49.1,Stable Growth,0.024,Simulated Bureau of Statistics
57,503,880,0.081,0.013,-0.002,0.15,0.025,57.7,Tech Boom,0.033,Simulated Bureau of Statistics
58,132,820,0.085,0.06,0.025,0.17,0.037,89.8,Stable Growth,0.012,Simulated Bureau of Statistics
59,1300,990,0.056,0.019,0.008,0.13,-0.008,62.9,Inflation Spike,0.041,Simulated Bureau of Statistics
60,410,885,0.053,0.044,-0.004,0.19,0.013,67.0,Stable Growth,0.037,Simulated Bureau of Statistics
61,1850,963,0.096,0.039,0.026,0.14,0.038,80.1,Inflation Spike,0.035,Simulated Bureau of Statistics
62,297,451,0.066,0.023,0.019,0.27,0.025,70.3,Stable Growth,0.037,Simulated Bureau of Statistics
63,1000,266,0.034,0.03,-0.013,0.11,0.022,40.1,Inflation Spike,0.013,Simulated Bureau of Statistics
64,1316,280,0.096,0.078,0.032,0.11,0.006,86.4,Tech Boom,0.026,Simulated Bureau of Statistics
65,727,244,0.079,0.02,-0.019,0.24,0.005,53.4,Inflation Spike,0.011,Simulated Bureau of Statistics
66,2036,539,0.092,0.021,0.033,0.28,0.003,89.4,Inflation Spike,0.031,Simulated Bureau of Statistics
67,2164,507,0.048,0.064,-0.019,0.28,-0.005,54.0,Post-Pandemic Recovery,0.022,Simulated Bureau of Statistics
68,630,995,0.051,0.064,-0.002,0.21,0.002,47.3,Post-Pandemic Recovery,0.016,Simulated Bureau of Statistics
69,1318,528,0.067,0.051,0.035,0.15,0.035,43.2,Post-Pandemic Recovery,0.017,Simulated Bureau of Statistics
70,2014,420,0.038,0.041,0.03,0.25,-0.006,62.6,Tech Boom,0.03,Simulated Bureau of Statistics
71,2051,880,0.064,0.049,-0.019,0.27,0.005,46.6,Stable Growth,0.031,Simulated Bureau of Statistics
72,341,811,0.028,0.028,0.04,0.13,0.027,64.9,Post-Pandemic Recovery,0.04,Simulated Bureau of Statistics
73,543,23,0.09,0.047,-0.002,0.14,0.03,71.5,Inflation Spike,0.045,Simulated Bureau of Statistics
74,422,946,0.039,0.016,-0.017,0.29,0.03,89.4,Post-Pandemic Recovery,0.036,Simulated Bureau of Statistics
75,1973,578,0.057,0.072,-0.018,0.25,0.008,54.4,Tech Boom,0.018,Simulated Bureau of Statistics
76,1718,922,0.051,0.052,0.047,0.2,0.034,70.7,Tech Boom,0.045,Simulated Bureau of Statistics
77,90,857,0.047,0.04,0.007,0.26,0.028,58.3,Post-Pandemic Recovery,0.025,Simulated Bureau of Statistics
78,1340,349,0.067,0.018,-0.01,0.23,0.008,45.7,Stable Growth,0.018,Simulated Bureau of Statistics
79,124,166,0.092,0.037,0.035,0.27,0.017,56.0,Inflation Spike,0.043,Simulated Bureau of Statistics
80,2090,362,0.062,0.035,0.044,0.14,0.0,86.1,Stable Growth,0.025,Simulated Bureau of Statistics
81,1323,693,0.04,0.017,-0.015,0.1,0.016,64.9,Stable Growth,0.011,Simulated Bureau of Statistics
82,1939,328,0.041,0.018,-0.003,0.22,0.015,66.8,Post-Pandemic Recovery,0.025,Simulated Bureau of Statistics
83,73,658,0.026,0.036,0.022,0.12,-0.006,72.5,Post-Pandemic Recovery,0.017,Simulated Bureau of Statistics
84,832,144,0.066,0.026,0.018,0.16,0.007,41.3,Tech Boom,0.015,Simulated Bureau of Statistics
85,711,679,0.086,0.03,0.042,0.26,0.016,43.4,Tech Boom,0.02,Simulated Bureau of Statistics
86,118,973,0.037,0.026,0.048,0.18,0.024,79.7,Post-Pandemic Recovery,0.018,Simulated Bureau of Statistics
87,310,395,0.084,0.06,0.034,0.24,0.028,46.4,Tech Boom,0.017,Simulated Bureau of Statistics
88,963,890,0.038,0.02,0.03,0.25,0.017,48.4,Tech Boom,0.049,Simulated Bureau of Statistics
89,1305,222,0.075,0.078,-0.003,0.14,-0.009,79.8,Inflation Spike,0.04,Simulated Bureau of Statistics
90,1546,176,0.066,0.036,-0.012,0.11,0.035,64.8,Tech Boom,0.044,Simulated Bureau of Statistics
91,1524,831,0.044,0.071,-0.02,0.19,0.021,69.2,Stable Growth,0.017,Simulated Bureau of Statistics
92,339,378,0.059,0.056,0.037,0.22,0.039,62.4,Post-Pandemic Recovery,0.016,Simulated Bureau of Statistics
93,282,448,0.055,0.02,0.037,0.23,-0.009,64.9,Inflation Spike,0.044,Simulated Bureau of Statistics
94,601,103,0.06,0.037,0.045,0.13,0.006,58.2,Tech Boom,0.024,Simulated Bureau of Statistics
95,2067,64,0.07,0.069,0.04,0.14,0.009,81.3,Stable Growth,0.025,Simulated Bureau of Statistics
96,84,38,0.07,0.036,-0.01,0.28,0.015,78.4,Post-Pandemic Recovery,0.044,Simulated Bureau of Statistics
97,706,484,0.029,0.042,-0.005,0.15,0.034,55.9,Inflation Spike,0.03,Simulated Bureau of Statistics
98,148,940,0.041,0.052,-0.02,0.23,0.013,52.9,Tech Boom,0.049,Simulated Bureau of Statistics
99,1772,1,0.074,0.044,0.008,0.27,-0.007,48.7,Stable Growth,0.042,Simulated Bureau of Statistics
100,1418,144,0.08,0.063,0.024,0.11,0.022,68.8,Inflation Spike,0.018,Simulated Bureau of Statistics
101,2054,691,0.04,0.067,-0.001,0.2,0.012,75.1,Post-Pandemic Recovery,0.038,Simulated Bureau of Statistics
102,378,12,0.037,0.043,0.022,0.24,0.023,70.5,Post-Pandemic Recovery,0.011,Simulated Bureau of Statistics
103,84,982,0.066,0.066,0.046,0.11,-0.009,87.9,Post-Pandemic Recovery,0.032,Simulated Bureau of Statistics
104,1269,206,0.097,0.036,-0.008,0.27,0.017,66.0,Inflation Spike,0.044,Simulated Bureau of Statistics
105,1253,657,0.058,0.02,0.021,0.14,0.028,70.3,Post-Pandemic Recovery,0.049,Simulated Bureau of Statistics
106,945,65,0.062,0.044,0.035,0.13,0.034,80.1,Tech Boom,0.025,Simulated Bureau of Statistics
107,819,539,0.082,0.014,0.032,0.11,0.016,89.7,Post-Pandemic Recovery,0.044,Simulated Bureau of Statistics
108,848,143,0.023,0.025,0.011,0.22,0.023,86.5,Inflation Spike,0.032,Simulated Bureau of Statistics
109,1830,221,0.053,0.05,0.033,0.15,0.022,88.1,Inflation Spike,0.022,Simulated Bureau of Statistics
110,1062,141,0.059,0.049,0.05,0.27,-0.007,78.7,Inflation Spike,0.028,Simulated Bureau of Statistics
111,1032,205,0.04,0.032,0.015,0.22,0.024,64.6,Inflation Spike,0.034,Simulated Bureau of Statistics
112,556,647,0.032,0.029,0.021,0.25,0.012,48.3,Tech Boom,0.021,Simulated Bureau of Statistics
113,806,785,0.022,0.027,-0.003,0.13,0.009,64.7,Tech Boom,0.032,Simulated Bureau of Statistics
114,2066,713,0.02,0.08,0.035,0.11,0.004,43.4,Post-Pandemic Recovery,0.028,Simulated Bureau of Statistics
115,763,559,0.056,0.026,0.015,0.15,0.025,48.5,Tech Boom,0.032,Simulated Bureau of Statistics
116,961,386,0.056,0.073,-0.001,0.25,-0.004,79.7,Inflation Spike,0.048,Simulated Bureau of Statistics
117,932,936,0.036,0.025,0.039,0.26,-0.002,53.4,Post-Pandemic Recovery,0.022,Simulated Bureau of Statistics
118,608,743,0.046,0.032,0.05,0.14,-0.009,51.8,Tech Boom,0.021,Simulated Bureau of Statistics
119,1826,797,0.082,0.047,0.014,0.21,0.034,47.5,Inflation Spike,0.034,Simulated Bureau of Statistics
120,1817,417,0.05,0.06,0.047,0.21,0.032,65.4,Tech Boom,0.019,Simulated Bureau of Statistics
121,1827,407,0.064,0.016,-0.0,0.28,0.029,64.0,Inflation Spike,0.045,Simulated Bureau of Statistics
122,754,123,0.024,0.074,0.017,0.3,0.038,82.8,Post-Pandemic Recovery,0.024,Simulated Bureau of Statistics
123,557,763,0.054,0.058,0.037,0.25,-0.003,43.2,Tech Boom,0.033,Simulated Bureau of Statistics
124,1735,967,0.07,0.076,0.01,0.17,0.021,80.4,Post-Pandemic Recovery,0.015,Simulated Bureau of Statistics
125,1014,593,0.036,0.011,0.027,0.2,0.019,50.0,Inflation Spike,0.021,Simulated Bureau of Statistics
126,1044,274,0.067,0.076,-0.017,0.18,0.031,45.4,Stable Growth,0.041,Simulated Bureau of Statistics
127,595,898,0.091,0.056,0.0,0.26,0.034,50.5,Stable Growth,0.018,Simulated Bureau of Statistics
128,1009,180,0.071,0.019,0.05,0.29,0.032,60.3,Stable Growth,0.013,Simulated Bureau of Statistics
129,906,84,0.027,0.046,0.016,0.16,0.006,63.9,Stable Growth,0.012,Simulated Bureau of Statistics
130,2,303,0.047,0.041,0.015,0.28,-0.001,85.1,Inflation Spike,0.015,Simulated Bureau of Statistics
131,1762,322,0.055,0.036,-0.014,0.17,0.007,80.9,Inflation Spike,0.02,Simulated Bureau of Statistics
132,1237,192,0.032,0.038,-0.008,0.29,-0.009,53.1,Tech Boom,0.018,Simulated Bureau of Statistics
133,1706,653,0.096,0.025,0.041,0.12,-0.009,51.0,Tech Boom,0.049,Simulated Bureau of Statistics
134,1086,513,0.069,0.018,0.034,0.11,0.038,80.5,Stable Growth,0.045,Simulated Bureau of Statistics
135,1927,694,0.086,0.012,-0.005,0.19,0.017,57.6,Stable Growth,0.049,Simulated Bureau of Statistics
136,1972,161,0.049,0.076,0.017,0.23,-0.009,76.3,Post-Pandemic Recovery,0.031,Simulated Bureau of Statistics
137,2007,833,0.06,0.031,0.04,0.25,-0.001,74.3,Stable Growth,0.044,Simulated Bureau of Statistics
138,1958,335,0.029,0.057,0.032,0.25,0.003,81.0,Tech Boom,0.023,Simulated Bureau of Statistics
139,534,418,0.037,0.013,0.047,0.17,0.04,59.7,Inflation Spike,0.039,Simulated Bureau of Statistics
140,1777,764,0.083,0.037,0.033,0.18,0.021,54.9,Inflation Spike,0.024,Simulated Bureau of Statistics
141,213,838,0.055,0.068,0.008,0.15,-0.001,68.9,Inflation Spike,0.011,Simulated Bureau of Statistics
142,862,254,0.032,0.044,0.019,0.24,0.002,56.4,Stable Growth,0.045,Simulated Bureau of Statistics
143,1807,272,0.091,0.047,0.012,0.27,0.033,78.5,Stable Growth,0.039,Simulated Bureau of Statistics
144,414,39,0.047,0.02,0.013,0.17,-0.007,58.7,Stable Growth,0.023,Simulated Bureau of Statistics
145,1107,291,0.056,0.068,0.04,0.24,0.036,84.4,Inflation Spike,0.026,Simulated Bureau of Statistics
146,201,615,0.089,0.05,-0.012,0.2,0.005,53.3,Inflation Spike,0.033,Simulated Bureau of Statistics
147,797,444,0.078,0.063,0.039,0.24,0.034,43.2,Inflation Spike,0.045,Simulated Bureau of Statistics
148,1502,373,0.072,0.03,0.029,0.3,-0.009,56.0,Tech Boom,0.018,Simulated Bureau of Statistics
149,1395,646,0.065,0.026,0.05,0.23,-0.006,65.8,Tech Boom,0.021,Simulated Bureau of Statistics
150,490,542,0.052,0.07,-0.01,0.13,0.002,70.0,Stable Growth,0.013,Simulated Bureau of Statistics
151,41,398,0.084,0.049,0.045,0.23,0.029,55.8,Stable Growth,0.037,Simulated Bureau of Statistics
152,348,945,0.061,0.064,-0.007,0.21,0.032,82.8,Tech Boom,0.03,Simulated Bureau of Statistics
153,1186,430,0.096,0.038,0.029,0.19,0.025,85.4,Tech Boom,0.028,Simulated Bureau of Statistics
154,2082,594,0.058,0.069,0.005,0.25,0.013,87.5,Stable Growth,0.042,Simulated Bureau of Statistics
155,1015,41,0.07,0.024,0.013,0.2,0.019,88.7,Post-Pandemic Recovery,0.046,Simulated Bureau of Statistics
156,1849,321,0.068,0.022,0.026,0.25,-0.002,73.0,Inflation Spike,0.038,Simulated Bureau of Statistics
157,965,783,0.057,0.049,0.002,0.18,0.012,41.6,Tech Boom,0.015,Simulated Bureau of Statistics
158,406,163,0.024,0.029,0.004,0.21,0.036,47.8,Stable Growth,0.026,Simulated Bureau of Statistics
159,521,120,0.052,0.036,0.049,0.26,-0.001,84.0,Stable Growth,0.039,Simulated Bureau of Statistics
160,978,257,0.082,0.024,-0.003,0.12,0.001,68.3,Post-Pandemic Recovery,0.048,Simulated Bureau of Statistics
161,651,208,0.021,0.061,-0.011,0.12,-0.009,73.3,Stable Growth,0.04,Simulated Bureau of Statistics
162,59,15,0.031,0.055,0.017,0.14,0.034,58.1,Inflation Spike,0.046,Simulated Bureau of Statistics
163,1613,231,0.091,0.044,0.023,0.21,0.012,58.9,Stable Growth,0.025,Simulated Bureau of Statistics
164,1225,218,0.046,0.064,0.011,0.28,0.035,59.8,Stable Growth,0.01,Simulated Bureau of Statistics
165,804,189,0.079,0.057,0.022,0.11,0.034,71.4,Tech Boom,0.013,Simulated Bureau of Statistics
166,1411,174,0.095,0.024,0.04,0.24,0.018,57.1,Stable Growth,0.042,Simulated Bureau of Statistics
167,1753,482,0.089,0.024,0.004,0.25,0.002,59.4,Stable Growth,0.031,Simulated Bureau of Statistics
168,1403,816,0.055,0.053,-0.017,0.21,0.005,83.2,Tech Boom,0.038,Simulated Bureau of Statistics
169,725,693,0.043,0.022,0.047,0.22,-0.001,60.6,Stable Growth,0.012,Simulated Bureau of Statistics
170,2075,871,0.098,0.046,0.018,0.13,0.017,78.8,Post-Pandemic Recovery,0.05,Simulated Bureau of Statistics
171,276,927,0.062,0.071,0.006,0.2,0.016,50.0,Tech Boom,0.022,Simulated Bureau of Statistics
172,1621,638,0.084,0.016,0.02,0.27,0.029,46.5,Inflation Spike,0.042,Simulated Bureau of Statistics
173,1457,323,0.093,0.072,-0.008,0.22,0.019,84.9,Post-Pandemic Recovery,0.046,Simulated Bureau of Statistics
174,54,724,0.054,0.069,0.048,0.15,0.033,56.8,Inflation Spike,0.011,Simulated Bureau of Statistics
175,1177,126,0.091,0.074,0.003,0.26,0.025,87.5,Post-Pandemic Recovery,0.041,Simulated Bureau of Statistics
176,1620,579,0.086,0.059,-0.005,0.26,0.015,84.0,Post-Pandemic Recovery,0.036,Simulated Bureau of Statistics
177,1797,37,0.085,0.042,0.031,0.24,0.004,79.3,Post-Pandemic Recovery,0.027,Simulated Bureau of Statistics
178,451,91,0.062,0.064,-0.014,0.16,0.024,87.0,Post-Pandemic Recovery,0.023,Simulated Bureau of Statistics
179,1143,648,0.099,0.031,-0.002,0.25,0.015,89.1,Inflation Spike,0.046,Simulated Bureau of Statistics
180,2136,51,0.035,0.053,0.016,0.21,0.011,84.6,Stable Growth,0.022,Simulated Bureau of Statistics
181,1212,252,0.039,0.053,0.017,0.18,-0.001,57.5,Post-Pandemic Recovery,0.023,Simulated Bureau of Statistics
182,371,950,0.087,0.051,0.048,0.14,0.014,40.3,Stable Growth,0.029,Simulated Bureau of Statistics
183,1441,74,0.049,0.071,0.008,0.15,0.04,80.9,Post-Pandemic Recovery,0.029,Simulated Bureau of Statistics
184,505,370,0.026,0.034,0.026,0.19,0.005,69.9,Inflation Spike,0.039,Simulated Bureau of Statistics
185,1755,284,0.028,0.058,-0.014,0.2,0.012,81.1,Tech Boom,0.046,Simulated Bureau of Statistics
186,995,344,0.096,0.074,0.019,0.18,0.033,87.3,Inflation Spike,0.013,Simulated Bureau of Statistics
187,619,262,0.048,0.024,0.04,0.12,0.024,46.3,Tech Boom,0.039,Simulated Bureau of Statistics
188,1988,917,0.032,0.063,0.001,0.25,0.023,46.6,Post-Pandemic Recovery,0.044,Simulated Bureau of Statistics
189,692,945,0.054,0.054,0.02,0.19,0.002,51.1,Inflation Spike,0.034,Simulated Bureau of Statistics
190,1592,149,0.021,0.045,0.013,0.29,0.032,66.2,Stable Growth,0.019,Simulated Bureau of Statistics
191,542,659,0.073,0.053,0.003,0.22,0.036,44.5,Tech Boom,0.018,Simulated Bureau of Statistics
192,1028,891,0.03,0.059,-0.004,0.22,0.035,87.8,Stable Growth,0.013,Simulated Bureau of Statistics
193,1909,514,0.094,0.042,-0.015,0.28,0.003,45.0,Post-Pandemic Recovery,0.024,Simulated Bureau of Statistics
194,631,395,0.042,0.011,0.016,0.18,0.04,53.6,Post-Pandemic Recovery,0.039,Simulated Bureau of Statistics
195,1700,14,0.064,0.029,0.009,0.22,0.026,56.7,Post-Pandemic Recovery,0.023,Simulated Bureau of Statistics
196,1182,384,0.03,0.069,-0.018,0.26,0.036,44.0,Inflation Spike,0.02,Simulated Bureau of Statistics
197,68,469,0.09,0.049,0.04,0.14,-0.004,62.7,Stable Growth,0.024,Simulated Bureau of Statistics
198,141,16,0.096,0.061,0.015,0.12,0.007,61.2,Inflation Spike,0.013,Simulated Bureau of Statistics
199,1293,942,0.095,0.073,-0.017,0.23,0.033,73.9,Inflation Spike,0.02,Simulated Bureau of Statistics
200,1809,581,0.066,0.019,0.005,0.24,0.002,57.3,Post-Pandemic Recovery,0.03,Simulated Bureau of Statistics
201,1086,246,0.055,0.049,0.036,0.17,-0.008,87.1,Post-Pandemic Recovery,0.027,Simulated Bureau of Statistics
202,133,29,0.082,0.052,-0.014,0.21,0.025,75.9,Post-Pandemic Recovery,0.016,Simulated Bureau of Statistics
203,1092,657,0.029,0.021,0.006,0.14,-0.004,49.8,Post-Pandemic Recovery,0.046,Simulated Bureau of Statistics
204,1422,843,0.09,0.075,0.018,0.2,0.018,84.5,Tech Boom,0.037,Simulated Bureau of Statistics
205,495,779,0.045,0.069,0.027,0.28,0.013,40.3,Tech Boom,0.042,Simulated Bureau of Statistics
206,1032,562,0.098,0.022,-0.014,0.21,0.007,88.8,Tech Boom,0.031,Simulated Bureau of Statistics
207,1829,366,0.035,0.074,0.01,0.16,0.008,61.7,Post-Pandemic Recovery,0.02,Simulated Bureau of Statistics
208,1213,348,0.082,0.04,0.038,0.3,0.035,89.7,Tech Boom,0.05,Simulated Bureau of Statistics
209,73,95,0.06,0.048,0.034,0.19,-0.004,64.7,Inflation Spike,0.041,Simulated Bureau of Statistics
210,1988,352,0.057,0.053,0.039,0.25,0.001,45.7,Inflation Spike,0.015,Simulated Bureau of Statistics
211,1036,823,0.095,0.041,0.024,0.2,0.038,44.4,Post-Pandemic Recovery,0.026,Simulated Bureau of Statistics
212,1398,232,0.094,0.053,0.022,0.21,-0.004,68.1,Stable Growth,0.034,Simulated Bureau of Statistics
213,561,776,0.051,0.061,0.032,0.11,0.029,88.7,Post-Pandemic Recovery,0.032,Simulated Bureau of Statistics
214,1989,458,0.062,0.026,-0.009,0.2,-0.002,53.9,Inflation Spike,0.037,Simulated Bureau of Statistics
215,1173,162,0.096,0.053,0.044,0.24,0.008,84.4,Stable Growth,0.011,Simulated Bureau of Statistics
216,310,304,0.023,0.035,0.025,0.19,-0.008,71.3,Tech Boom,0.049,Simulated Bureau of Statistics
217,1517,153,0.041,0.017,-0.014,0.24,0.036,42.4,Tech Boom,0.034,Simulated Bureau of Statistics
218,1200,750,0.047,0.021,0.015,0.14,0.022,60.5,Post-Pandemic Recovery,0.042,Simulated Bureau of Statistics
219,375,546,0.051,0.062,0.029,0.22,0.013,62.3,Inflation Spike,0.047,Simulated Bureau of Statistics
220,1584,615,0.071,0.022,0.038,0.29,0.004,67.1,Inflation Spike,0.023,Simulated Bureau of Statistics
221,568,747,0.033,0.028,0.01,0.25,0.018,43.1,Inflation Spike,0.046,Simulated Bureau of Statistics
222,374,985,0.088,0.011,0.044,0.22,0.031,75.1,Post-Pandemic Recovery,0.026,Simulated Bureau of Statistics
223,1419,336,0.042,0.049,-0.012,0.29,0.039,45.9,Tech Boom,0.022,Simulated Bureau of Statistics
224,474,216,0.038,0.029,0.027,0.28,0.017,43.9,Post-Pandemic Recovery,0.043,Simulated Bureau of Statistics
225,1345,951,0.06,0.057,0.005,0.27,0.029,86.7,Inflation Spike,0.028,Simulated Bureau of Statistics
226,1686,970,0.034,0.034,0.001,0.16,0.013,89.5,Inflation Spike,0.048,Simulated Bureau of Statistics
227,1971,991,0.098,0.012,0.026,0.13,0.017,88.0,Inflation Spike,0.027,Simulated Bureau of Statistics
228,1978,477,0.049,0.019,0.007,0.18,0.015,67.9,Tech Boom,0.014,Simulated Bureau of Statistics
229,291,686,0.071,0.013,0.017,0.15,0.011,88.2,Post-Pandemic Recovery,0.014,Simulated Bureau of Statistics
230,2026,919,0.097,0.03,0.018,0.18,-0.008,62.1,Inflation Spike,0.014,Simulated Bureau of Statistics
231,1291,947,0.083,0.057,0.021,0.28,0.01,88.8,Post-Pandemic Recovery,0.019,Simulated Bureau of Statistics
232,251,658,0.095,0.07,-0.003,0.21,-0.003,73.8,Stable Growth,0.021,Simulated Bureau of Statistics
233,816,699,0.068,0.047,0.031,0.15,-0.0,87.4,Tech Boom,0.018,Simulated Bureau of Statistics
234,268,380,0.03,0.069,0.006,0.18,-0.004,81.4,Stable Growth,0.013,Simulated Bureau of Statistics
235,28,513,0.04,0.066,0.019,0.1,0.014,61.3,Tech Boom,0.03,Simulated Bureau of Statistics
236,369,327,0.065,0.012,-0.015,0.3,0.036,42.3,Post-Pandemic Recovery,0.036,Simulated Bureau of Statistics
237,1990,901,0.032,0.054,0.04,0.28,-0.003,71.8,Post-Pandemic Recovery,0.023,Simulated Bureau of Statistics
238,1267,633,0.048,0.075,0.017,0.16,0.022,58.6,Post-Pandemic Recovery,0.041,Simulated Bureau of Statistics
239,1906,570,0.076,0.076,0.016,0.21,0.0,76.8,Tech Boom,0.028,Simulated Bureau of Statistics
240,2001,772,0.095,0.013,-0.003,0.23,-0.001,52.1,Post-Pandemic Recovery,0.027,Simulated Bureau of Statistics
241,2079,56,0.036,0.02,0.015,0.16,0.001,51.6,Inflation Spike,0.021,Simulated Bureau of Statistics
242,1535,642,0.057,0.079,0.028,0.23,0.021,88.5,Post-Pandemic Recovery,0.017,Simulated Bureau of Statistics
243,432,23,0.037,0.066,-0.004,0.26,0.035,80.4,Stable Growth,0.022,Simulated Bureau of Statistics
244,1701,789,0.066,0.055,0.026,0.27,0.029,51.7,Tech Boom,0.016,Simulated Bureau of Statistics
245,1900,584,0.059,0.064,-0.02,0.28,-0.0,47.6,Tech Boom,0.011,Simulated Bureau of Statistics
246,2114,887,0.028,0.053,0.035,0.21,0.008,63.9,Tech Boom,0.019,Simulated Bureau of Statistics
247,1131,21,0.085,0.024,-0.011,0.19,0.027,86.0,Post-Pandemic Recovery,0.047,Simulated Bureau of Statistics
248,1047,958,0.1,0.071,0.03,0.18,0.023,66.6,Post-Pandemic Recovery,0.049,Simulated Bureau of Statistics
249,1131,434,0.086,0.031,0.001,0.2,0.0,43.1,Stable Growth,0.023,Simulated Bureau of Statistics
250,1425,11,0.048,0.045,-0.017,0.29,-0.005,58.0,Tech Boom,0.016,Simulated Bureau of Statistics
251,586,331,0.065,0.055,-0.005,0.27,0.007,67.3,Stable Growth,0.024,Simulated Bureau of Statistics
252,1667,83,0.075,0.016,0.037,0.14,-0.001,85.2,Tech Boom,0.027,Simulated Bureau of Statistics
253,1080,8,0.055,0.047,0.044,0.25,-0.008,56.2,Tech Boom,0.026,Simulated Bureau of Statistics
254,1815,478,0.09,0.048,0.027,0.16,0.039,48.6,Inflation Spike,0.011,Simulated Bureau of Statistics
255,756,356,0.061,0.021,0.048,0.16,0.013,49.7,Tech Boom,0.021,Simulated Bureau of Statistics
256,1851,297,0.067,0.015,0.0,0.25,0.036,59.0,Inflation Spike,0.013,Simulated Bureau of Statistics
257,1993,42,0.056,0.031,0.012,0.12,0.011,73.5,Inflation Spike,0.016,Simulated Bureau of Statistics
258,321,734,0.06,0.022,0.038,0.19,0.001,85.5,Tech Boom,0.019,Simulated Bureau of Statistics
259,1227,889,0.075,0.017,-0.003,0.17,0.026,55.1,Post-Pandemic Recovery,0.038,Simulated Bureau of Statistics
260,123,98,0.057,0.06,0.019,0.25,-0.001,72.7,Tech Boom,0.034,Simulated Bureau of Statistics
261,716,983,0.038,0.047,0.033,0.22,0.017,72.3,Inflation Spike,0.019,Simulated Bureau of Statistics
262,1855,801,0.056,0.079,0.005,0.28,0.019,71.2,Post-Pandemic Recovery,0.027,Simulated Bureau of Statistics
263,1221,43,0.035,0.028,0.046,0.12,0.008,87.8,Stable Growth,0.03,Simulated Bureau of Statistics
264,106,179,0.092,0.074,0.042,0.13,0.038,76.3,Tech Boom,0.049,Simulated Bureau of Statistics
265,749,286,0.046,0.038,-0.019,0.13,0.017,75.7,Inflation Spike,0.031,Simulated Bureau of Statistics
266,311,802,0.039,0.023,0.047,0.27,0.037,67.1,Post-Pandemic Recovery,0.012,Simulated Bureau of Statistics
267,333,304,0.021,0.065,0.015,0.15,0.018,76.1,Tech Boom,0.041,Simulated Bureau of Statistics
268,970,903,0.06,0.046,0.002,0.25,0.02,51.2,Inflation Spike,0.049,Simulated Bureau of Statistics
269,459,851,0.071,0.025,-0.011,0.24,0.025,89.6,Tech Boom,0.016,Simulated Bureau of Statistics
270,1048,929,0.023,0.031,-0.019,0.25,0.002,77.2,Tech Boom,0.036,Simulated Bureau of Statistics
271,364,216,0.095,0.027,0.023,0.2,0.02,82.6,Stable Growth,0.029,Simulated Bureau of Statistics
272,589,136,0.048,0.044,-0.011,0.16,0.01,76.4,Inflation Spike,0.012,Simulated Bureau of Statistics
273,345,918,0.076,0.014,0.026,0.23,0.007,57.8,Stable Growth,0.042,Simulated Bureau of Statistics
274,1921,315,0.046,0.054,0.006,0.27,0.034,74.9,Post-Pandemic Recovery,0.034,Simulated Bureau of Statistics
275,1181,573,0.034,0.072,0.048,0.29,0.003,87.1,Tech Boom,0.033,Simulated Bureau of Statistics
276,566,955,0.099,0.077,0.014,0.11,0.019,85.7,Post-Pandemic Recovery,0.036,Simulated Bureau of Statistics
277,28,389,0.073,0.049,0.026,0.26,0.031,58.4,Post-Pandemic Recovery,0.033,Simulated Bureau of Statistics
278,1579,742,0.028,0.038,0.037,0.26,0.031,84.3,Stable Growth,0.049,Simulated Bureau of Statistics
279,1699,540,0.024,0.019,0.031,0.21,0.012,42.5,Inflation Spike,0.014,Simulated Bureau of Statistics
280,652,80,0.069,0.03,-0.018,0.14,0.035,80.8,Stable Growth,0.046,Simulated Bureau of Statistics
281,865,475,0.035,0.038,0.044,0.2,0.019,48.9,Inflation Spike,0.045,Simulated Bureau of Statistics
282,154,486,0.056,0.034,-0.011,0.2,-0.009,78.4,Inflation Spike,0.04,Simulated Bureau of Statistics
283,1297,288,0.094,0.041,0.023,0.26,0.028,43.6,Inflation Spike,0.022,Simulated Bureau of Statistics
284,1984,372,0.06,0.025,-0.005,0.24,-0.004,47.0,Post-Pandemic Recovery,0.015,Simulated Bureau of Statistics
285,1022,190,0.023,0.045,0.024,0.14,0.005,65.5,Tech Boom,0.029,Simulated Bureau of Statistics
286,334,898,0.035,0.033,0.012,0.1,0.039,86.1,Post-Pandemic Recovery,0.039,Simulated Bureau of Statistics
287,2139,955,0.06,0.078,0.045,0.18,-0.001,75.4,Inflation Spike,0.019,Simulated Bureau of Statistics
288,855,676,0.044,0.071,0.018,0.16,0.038,82.2,Tech Boom,0.01,Simulated Bureau of Statistics
289,1166,780,0.063,0.049,-0.007,0.24,0.014,68.6,Stable Growth,0.04,Simulated Bureau of Statistics
290,494,115,0.029,0.043,0.0,0.17,-0.009,77.8,Tech Boom,0.044,Simulated Bureau of Statistics
291,1129,873,0.077,0.039,0.019,0.18,0.007,79.6,Stable Growth,0.038,Simulated Bureau of Statistics
292,1410,356,0.048,0.042,0.014,0.29,0.029,75.3,Stable Growth,0.014,Simulated Bureau of Statistics
293,2064,894,0.066,0.04,0.023,0.11,0.015,57.2,Post-Pandemic Recovery,0.017,Simulated Bureau of Statistics
294,1426,958,0.069,0.066,0.036,0.23,0.019,55.3,Stable Growth,0.041,Simulated Bureau of Statistics
295,373,385,0.068,0.019,-0.013,0.11,0.007,59.0,Stable Growth,0.027,Simulated Bureau of Statistics
296,2079,589,0.066,0.068,0.012,0.25,-0.009,67.3,Post-Pandemic Recovery,0.018,Simulated Bureau of Statistics
297,195,426,0.023,0.018,-0.013,0.14,0.038,43.0,Stable Growth,0.043,Simulated Bureau of Statistics
298,2111,554,0.077,0.028,-0.014,0.16,0.021,82.1,Inflation Spike,0.03,Simulated Bureau of Statistics
299,288,704,0.041,0.018,0.004,0.26,-0.008,70.1,Post-Pandemic Recovery,0.029,Simulated Bureau of Statistics
300,412,695,0.04,0.018,0.024,0.27,0.031,41.7,Tech Boom,0.046,Simulated Bureau of Statistics
301,1576,315,0.078,0.039,0.017,0.28,0.028,61.1,Tech Boom,0.027,Simulated Bureau of Statistics
302,1055,377,0.045,0.071,0.028,0.17,0.003,89.2,Inflation Spike,0.046,Simulated Bureau of Statistics
303,1984,356,0.071,0.023,0.005,0.29,0.029,40.3,Stable Growth,0.048,Simulated Bureau of Statistics
304,1878,436,0.047,0.07,0.012,0.22,0.039,81.1,Tech Boom,0.024,Simulated Bureau of Statistics
305,1767,209,0.065,0.017,0.018,0.18,-0.006,66.5,Post-Pandemic Recovery,0.036,Simulated Bureau of Statistics
306,1214,33,0.086,0.011,-0.015,0.19,-0.008,57.1,Inflation Spike,0.012,Simulated Bureau of Statistics
307,968,441,0.099,0.068,0.013,0.13,0.027,88.9,Inflation Spike,0.018,Simulated Bureau of Statistics
308,664,922,0.083,0.067,-0.005,0.25,0.028,74.2,Inflation Spike,0.033,Simulated Bureau of Statistics
309,1805,89,0.046,0.03,0.009,0.24,-0.002,70.7,Tech Boom,0.011,Simulated Bureau of Statistics
310,1359,987,0.07,0.04,-0.01,0.21,0.007,44.9,Post-Pandemic Recovery,0.047,Simulated Bureau of Statistics
311,501,862,0.03,0.029,-0.017,0.2,0.018,89.8,Inflation Spike,0.047,Simulated Bureau of Statistics
312,1443,911,0.074,0.033,-0.003,0.15,-0.008,79.3,Post-Pandemic Recovery,0.024,Simulated Bureau of Statistics
313,1411,6,0.026,0.038,0.03,0.22,-0.002,85.6,Inflation Spike,0.019,Simulated Bureau of Statistics
314,947,695,0.034,0.045,0.047,0.23,0.021,68.5,Inflation Spike,0.046,Simulated Bureau of Statistics
315,754,763,0.047,0.044,0.009,0.29,0.02,87.1,Post-Pandemic Recovery,0.045,Simulated Bureau of Statistics
316,2067,186,0.06,0.028,0.021,0.23,0.031,66.2,Post-Pandemic Recovery,0.039,Simulated Bureau of Statistics
317,763,804,0.061,0.01,-0.015,0.22,-0.004,60.6,Inflation Spike,0.039,Simulated Bureau of Statistics
318,1254,626,0.096,0.064,0.037,0.24,0.04,77.1,Tech Boom,0.028,Simulated Bureau of Statistics
319,675,988,0.036,0.014,0.012,0.18,0.039,58.8,Tech Boom,0.045,Simulated Bureau of Statistics
320,2167,144,0.059,0.075,-0.005,0.25,-0.007,53.3,Stable Growth,0.025,Simulated Bureau of Statistics
321,725,652,0.029,0.011,0.023,0.14,0.013,75.1,Post-Pandemic Recovery,0.013,Simulated Bureau of Statistics
322,719,627,0.094,0.046,-0.003,0.2,0.016,71.9,Post-Pandemic Recovery,0.014,Simulated Bureau of Statistics
323,2045,353,0.044,0.042,0.01,0.11,0.018,63.1,Inflation Spike,0.016,Simulated Bureau of Statistics
324,897,550,0.045,0.025,0.044,0.12,0.005,71.0,Post-Pandemic Recovery,0.028,Simulated Bureau of Statistics
325,1100,653,0.027,0.058,0.041,0.28,0.021,80.5,Stable Growth,0.031,Simulated Bureau of Statistics
326,1989,339,0.075,0.042,-0.008,0.28,0.004,73.5,Stable Growth,0.019,Simulated Bureau of Statistics
327,976,813,0.088,0.027,0.046,0.27,0.006,68.6,Tech Boom,0.023,Simulated Bureau of Statistics
328,919,496,0.082,0.079,0.012,0.23,0.037,46.2,Inflation Spike,0.044,Simulated Bureau of Statistics
329,246,644,0.072,0.038,0.024,0.1,0.015,59.5,Tech Boom,0.041,Simulated Bureau of Statistics
330,1745,670,0.068,0.012,-0.006,0.13,-0.008,83.7,Stable Growth,0.034,Simulated Bureau of Statistics
331,1023,524,0.085,0.057,0.045,0.18,-0.004,62.4,Inflation Spike,0.027,Simulated Bureau of Statistics
332,1533,707,0.095,0.036,0.0,0.13,0.02,57.8,Post-Pandemic Recovery,0.046,Simulated Bureau of Statistics
333,2153,810,0.049,0.051,0.045,0.18,-0.009,44.6,Stable Growth,0.02,Simulated Bureau of Statistics
334,1140,992,0.076,0.018,0.046,0.19,-0.002,53.9,Stable Growth,0.027,Simulated Bureau of Statistics
335,1669,881,0.025,0.028,0.022,0.23,-0.003,66.9,Stable Growth,0.018,Simulated Bureau of Statistics
336,1026,223,0.037,0.064,0.048,0.28,-0.002,80.2,Tech Boom,0.031,Simulated Bureau of Statistics
337,2145,18,0.054,0.075,0.008,0.25,0.004,42.3,Tech Boom,0.048,Simulated Bureau of Statistics
338,766,884,0.021,0.043,0.022,0.26,-0.006,82.6,Tech Boom,0.028,Simulated Bureau of Statistics
339,1475,93,0.034,0.021,0.005,0.26,0.001,53.1,Inflation Spike,0.027,Simulated Bureau of Statistics
340,2035,709,0.069,0.067,-0.01,0.22,-0.008,62.9,Post-Pandemic Recovery,0.047,Simulated Bureau of Statistics
341,914,535,0.024,0.029,0.025,0.12,0.039,65.1,Post-Pandemic Recovery,0.027,Simulated Bureau of Statistics
342,2175,386,0.091,0.05,-0.001,0.3,0.001,83.5,Inflation Spike,0.04,Simulated Bureau of Statistics
343,1538,134,0.069,0.029,0.014,0.14,0.03,79.9,Tech Boom,0.05,Simulated Bureau of Statistics
344,1221,837,0.07,0.027,0.032,0.12,0.01,40.3,Inflation Spike,0.031,Simulated Bureau of Statistics
345,1042,576,0.037,0.064,-0.01,0.27,-0.005,77.4,Stable Growth,0.036,Simulated Bureau of Statistics
346,620,72,0.035,0.059,-0.004,0.16,-0.003,79.7,Inflation Spike,0.033,Simulated Bureau of Statistics
347,493,677,0.076,0.059,0.035,0.25,0.005,70.9,Post-Pandemic Recovery,0.044,Simulated Bureau of Statistics
348,195,188,0.083,0.057,0.046,0.19,0.018,83.7,Inflation Spike,0.024,Simulated Bureau of Statistics
349,1246,753,0.093,0.028,-0.002,0.19,0.008,62.2,Inflation Spike,0.049,Simulated Bureau of Statistics
350,1347,344,0.084,0.063,0.032,0.25,0.028,78.0,Inflation Spike,0.023,Simulated Bureau of Statistics
351,1423,216,0.021,0.07,0.011,0.2,0.003,74.5,Tech Boom,0.013,Simulated Bureau of Statistics
352,2065,397,0.056,0.063,0.002,0.28,0.005,50.7,Post-Pandemic Recovery,0.015,Simulated Bureau of Statistics
353,123,417,0.021,0.073,0.011,0.28,-0.005,89.9,Inflation Spike,0.011,Simulated Bureau of Statistics
354,1865,734,0.027,0.036,0.004,0.13,0.008,84.3,Post-Pandemic Recovery,0.034,Simulated Bureau of Statistics
355,2137,4,0.079,0.02,-0.019,0.13,-0.002,71.7,Post-Pandemic Recovery,0.031,Simulated Bureau of Statistics
356,113,38,0.046,0.06,-0.005,0.27,0.014,42.6,Tech Boom,0.028,Simulated Bureau of Statistics
357,1006,329,0.04,0.048,-0.019,0.28,0.022,55.6,Inflation Spike,0.035,Simulated Bureau of Statistics
358,70,603,0.05,0.08,0.031,0.14,0.027,78.7,Stable Growth,0.037,Simulated Bureau of Statistics
359,1711,232,0.068,0.013,0.026,0.25,0.009,68.8,Tech Boom,0.026,Simulated Bureau of Statistics
360,416,908,0.072,0.026,-0.002,0.12,0.018,60.1,Stable Growth,0.044,Simulated Bureau of Statistics
361,985,494,0.061,0.063,0.049,0.29,0.017,40.7,Post-Pandemic Recovery,0.037,Simulated Bureau of Statistics
362,2006,931,0.03,0.076,0.023,0.22,-0.006,85.0,Inflation Spike,0.037,Simulated Bureau of Statistics
363,488,690,0.069,0.046,0.021,0.22,0.034,48.6,Stable Growth,0.025,Simulated Bureau of Statistics
364,2171,912,0.066,0.011,-0.008,0.23,-0.008,61.3,Post-Pandemic Recovery,0.016,Simulated Bureau of Statistics
365,364,932,0.064,0.076,0.025,0.2,0.023,54.0,Tech Boom,0.016,Simulated Bureau of Statistics
366,1000,189,0.052,0.054,-0.014,0.12,0.034,53.7,Tech Boom,0.03,Simulated Bureau of Statistics
367,1589,913,0.082,0.071,0.021,0.15,0.012,75.3,Post-Pandemic Recovery,0.018,Simulated Bureau of Statistics
368,464,429,0.056,0.03,0.011,0.29,0.02,74.6,Post-Pandemic Recovery,0.016,Simulated Bureau of Statistics
369,665,683,0.041,0.063,-0.015,0.27,0.017,82.9,Stable Growth,0.014,Simulated Bureau of Statistics
370,1014,962,0.035,0.031,0.046,0.16,0.031,60.3,Tech Boom,0.049,Simulated Bureau of Statistics
371,1109,933,0.035,0.066,0.024,0.15,-0.0,60.6,Stable Growth,0.01,Simulated Bureau of Statistics
372,860,162,0.026,0.074,0.014,0.25,0.013,70.3,Tech Boom,0.021,Simulated Bureau of Statistics
373,1255,726,0.033,0.072,-0.0,0.24,0.006,82.9,Inflation Spike,0.029,Simulated Bureau of Statistics
374,1770,837,0.065,0.028,0.038,0.18,0.01,87.1,Stable Growth,0.042,Simulated Bureau of Statistics
375,1933,265,0.09,0.047,0.03,0.11,0.021,75.2,Inflation Spike,0.043,Simulated Bureau of Statistics
376,2079,325,0.036,0.077,-0.001,0.19,0.018,85.6,Stable Growth,0.035,Simulated Bureau of Statistics
377,408,941,0.053,0.075,0.001,0.28,0.014,60.3,Tech Boom,0.025,Simulated Bureau of Statistics
378,1777,298,0.088,0.045,-0.013,0.19,0.025,57.5,Stable Growth,0.034,Simulated Bureau of Statistics
379,557,34,0.036,0.058,-0.012,0.13,-0.001,66.6,Post-Pandemic Recovery,0.027,Simulated Bureau of Statistics
380,362,329,0.062,0.032,-0.009,0.21,0.009,89.6,Post-Pandemic Recovery,0.035,Simulated Bureau of Statistics
381,1131,266,0.093,0.058,0.035,0.14,0.034,46.6,Inflation Spike,0.026,Simulated Bureau of Statistics
382,1195,765,0.075,0.065,0.018,0.23,0.008,70.1,Post-Pandemic Recovery,0.048,Simulated Bureau of Statistics
383,403,169,0.021,0.071,0.004,0.12,-0.009,79.7,Post-Pandemic Recovery,0.037,Simulated Bureau of Statistics
384,1643,986,0.065,0.011,0.014,0.23,0.015,71.2,Stable Growth,0.047,Simulated Bureau of Statistics
385,1454,907,0.068,0.062,-0.01,0.26,0.017,85.3,Stable Growth,0.017,Simulated Bureau of Statistics
386,338,191,0.066,0.053,0.004,0.24,0.012,69.4,Tech Boom,0.013,Simulated Bureau of Statistics
387,1264,315,0.042,0.047,0.026,0.15,0.003,53.8,Tech Boom,0.029,Simulated Bureau of Statistics
388,546,873,0.03,0.017,0.001,0.24,0.0,58.1,Inflation Spike,0.024,Simulated Bureau of Statistics
389,1617,170,0.087,0.057,0.009,0.14,0.035,77.9,Post-Pandemic Recovery,0.042,Simulated Bureau of Statistics
390,200,548,0.02,0.071,-0.012,0.28,0.024,71.9,Post-Pandemic Recovery,0.05,Simulated Bureau of Statistics
391,500,390,0.052,0.035,0.05,0.17,0.014,59.7,Stable Growth,0.048,Simulated Bureau of Statistics
392,1817,351,0.037,0.066,0.01,0.19,0.022,55.0,Tech Boom,0.024,Simulated Bureau of Statistics
393,1360,682,0.045,0.044,0.004,0.2,-0.009,79.1,Inflation Spike,0.042,Simulated Bureau of Statistics
394,1198,935,0.063,0.025,0.011,0.24,0.015,51.0,Post-Pandemic Recovery,0.049,Simulated Bureau of Statistics
395,968,146,0.085,0.05,-0.003,0.14,0.002,81.4,Tech Boom,0.047,Simulated Bureau of Statistics
396,109,464,0.081,0.014,0.024,0.15,0.014,73.6,Inflation Spike,0.035,Simulated Bureau of Statistics
397,1356,350,0.087,0.012,0.023,0.29,0.028,86.5,Tech Boom,0.039,Simulated Bureau of Statistics
398,905,100,0.057,0.039,0.018,0.15,0.006,57.3,Post-Pandemic Recovery,0.04,Simulated Bureau of Statistics
399,1857,332,0.052,0.026,0.037,0.25,0.024,78.8,Stable Growth,0.035,Simulated Bureau of Statistics
400,903,565,0.061,0.035,0.019,0.11,0.013,41.5,Stable Growth,0.016,Simulated Bureau of Statistics
401,1267,643,0.068,0.047,-0.019,0.1,0.006,54.1,Inflation Spike,0.015,Simulated Bureau of Statistics
402,501,727,0.024,0.015,0.036,0.11,0.026,49.2,Inflation Spike,0.034,Simulated Bureau of Statistics
403,718,456,0.044,0.065,0.016,0.22,0.007,89.8,Post-Pandemic Recovery,0.038,Simulated Bureau of Statistics
404,969,404,0.052,0.011,0.044,0.15,-0.001,68.1,Stable Growth,0.037,Simulated Bureau of Statistics
405,176,150,0.021,0.026,0.015,0.25,0.008,80.7,Post-Pandemic Recovery,0.025,Simulated Bureau of Statistics
406,480,222,0.039,0.059,0.048,0.12,0.017,65.6,Stable Growth,0.046,Simulated Bureau of Statistics
407,532,888,0.094,0.053,0.003,0.2,0.022,61.4,Tech Boom,0.019,Simulated Bureau of Statistics
408,973,186,0.099,0.076,0.008,0.15,0.027,89.7,Inflation Spike,0.03,Simulated Bureau of Statistics
409,1233,130,0.05,0.037,0.048,0.28,0.011,62.9,Post-Pandemic Recovery,0.036,Simulated Bureau of Statistics
410,97,637,0.094,0.035,0.047,0.24,0.0,43.4,Post-Pandemic Recovery,0.025,Simulated Bureau of Statistics
411,554,222,0.058,0.056,-0.007,0.12,-0.0,48.0,Stable Growth,0.025,Simulated Bureau of Statistics
412,1451,342,0.075,0.071,0.026,0.21,0.001,86.7,Tech Boom,0.02,Simulated Bureau of Statistics
413,144,932,0.091,0.039,0.04,0.16,0.007,67.0,Tech Boom,0.018,Simulated Bureau of Statistics
414,1535,101,0.073,0.015,0.043,0.3,0.021,64.9,Post-Pandemic Recovery,0.011,Simulated Bureau of Statistics
415,1869,591,0.029,0.015,0.017,0.16,0.004,50.0,Inflation Spike,0.014,Simulated Bureau of Statistics
416,1324,633,0.08,0.079,0.034,0.14,-0.004,66.8,Stable Growth,0.014,Simulated Bureau of Statistics
417,747,451,0.08,0.04,0.028,0.1,0.017,66.4,Inflation Spike,0.04,Simulated Bureau of Statistics
418,2150,941,0.084,0.027,0.03,0.12,-0.002,86.2,Tech Boom,0.026,Simulated Bureau of Statistics
419,1352,912,0.03,0.052,0.001,0.12,0.036,63.9,Stable Growth,0.048,Simulated Bureau of Statistics
420,994,425,0.049,0.067,-0.011,0.19,0.016,70.1,Stable Growth,0.012,Simulated Bureau of Statistics
421,2175,278,0.025,0.032,0.003,0.25,0.037,68.8,Post-Pandemic Recovery,0.031,Simulated Bureau of Statistics
422,1685,109,0.063,0.059,-0.013,0.11,0.008,77.3,Post-Pandemic Recovery,0.033,Simulated Bureau of Statistics
423,373,102,0.095,0.021,0.048,0.15,-0.005,69.2,Inflation Spike,0.019,Simulated Bureau of Statistics
424,273,936,0.052,0.048,0.015,0.15,0.009,54.4,Stable Growth,0.049,Simulated Bureau of Statistics
425,789,748,0.075,0.07,0.035,0.12,-0.006,86.3,Inflation Spike,0.039,Simulated Bureau of Statistics
426,1065,718,0.037,0.04,-0.007,0.24,0.013,86.7,Stable Growth,0.028,Simulated Bureau of Statistics
427,1652,334,0.04,0.024,0.013,0.13,0.006,57.2,Tech Boom,0.025,Simulated Bureau of Statistics
428,978,618,0.072,0.048,-0.014,0.11,-0.008,83.7,Stable Growth,0.042,Simulated Bureau of Statistics
429,549,700,0.06,0.065,0.042,0.27,-0.009,42.3,Inflation Spike,0.021,Simulated Bureau of Statistics
430,1638,527,0.06,0.064,0.046,0.3,0.003,47.7,Post-Pandemic Recovery,0.014,Simulated Bureau of Statistics
431,874,678,0.084,0.051,0.017,0.14,0.021,47.3,Stable Growth,0.029,Simulated Bureau of Statistics
432,248,723,0.058,0.012,0.034,0.28,-0.008,42.9,Post-Pandemic Recovery,0.046,Simulated Bureau of Statistics
433,904,439,0.021,0.071,0.0,0.11,0.03,56.9,Tech Boom,0.044,Simulated Bureau of Statistics
434,1309,835,0.093,0.047,-0.003,0.13,0.001,84.4,Post-Pandemic Recovery,0.032,Simulated Bureau of Statistics
435,1185,323,0.08,0.015,-0.015,0.26,0.031,45.8,Post-Pandemic Recovery,0.011,Simulated Bureau of Statistics
436,1292,459,0.07,0.041,-0.004,0.15,0.012,78.1,Post-Pandemic Recovery,0.016,Simulated Bureau of Statistics
437,1540,77,0.057,0.013,0.007,0.29,0.029,58.9,Post-Pandemic Recovery,0.011,Simulated Bureau of Statistics
438,1424,974,0.081,0.037,0.026,0.12,-0.007,42.7,Post-Pandemic Recovery,0.039,Simulated Bureau of Statistics
439,212,171,0.022,0.067,0.017,0.21,-0.006,63.9,Tech Boom,0.038,Simulated Bureau of Statistics
440,1090,454,0.086,0.015,-0.007,0.15,0.015,73.1,Inflation Spike,0.048,Simulated Bureau of Statistics
441,1704,920,0.041,0.073,-0.016,0.14,-0.009,50.1,Inflation Spike,0.037,Simulated Bureau of Statistics
442,788,180,0.02,0.024,0.04,0.26,0.039,53.7,Inflation Spike,0.018,Simulated Bureau of Statistics
443,117,977,0.07,0.044,0.041,0.29,0.034,78.7,Post-Pandemic Recovery,0.04,Simulated Bureau of Statistics
444,630,676,0.089,0.031,0.015,0.23,0.001,43.4,Stable Growth,0.034,Simulated Bureau of Statistics
445,168,282,0.085,0.026,0.005,0.17,0.019,77.1,Stable Growth,0.046,Simulated Bureau of Statistics
446,1232,237,0.074,0.056,0.035,0.27,0.005,85.1,Post-Pandemic Recovery,0.022,Simulated Bureau of Statistics
447,1767,151,0.067,0.045,0.0,0.29,0.039,76.2,Inflation Spike,0.012,Simulated Bureau of Statistics
448,259,798,0.032,0.041,-0.009,0.14,0.032,41.2,Tech Boom,0.045,Simulated Bureau of Statistics
449,1772,658,0.057,0.053,0.026,0.21,0.006,41.2,Stable Growth,0.014,Simulated Bureau of Statistics
450,775,194,0.085,0.052,-0.001,0.11,0.027,58.8,Tech Boom,0.025,Simulated Bureau of Statistics
451,109,664,0.058,0.018,0.007,0.25,0.003,87.8,Stable Growth,0.02,Simulated Bureau of Statistics
452,687,779,0.048,0.022,-0.018,0.24,-0.0,76.5,Tech Boom,0.015,Simulated Bureau of Statistics
453,155,205,0.062,0.042,0.005,0.21,0.003,70.1,Inflation Spike,0.014,Simulated Bureau of Statistics
454,390,708,0.027,0.038,0.05,0.28,0.023,67.6,Stable Growth,0.049,Simulated Bureau of Statistics
455,1496,339,0.061,0.076,0.024,0.24,-0.002,73.3,Post-Pandemic Recovery,0.048,Simulated Bureau of Statistics
456,1285,126,0.037,0.044,0.038,0.25,-0.001,78.6,Stable Growth,0.04,Simulated Bureau of Statistics
457,1726,776,0.026,0.036,0.013,0.19,-0.004,73.0,Stable Growth,0.042,Simulated Bureau of Statistics
458,515,785,0.039,0.039,-0.01,0.18,-0.004,71.8,Post-Pandemic Recovery,0.011,Simulated Bureau of Statistics
459,1896,769,0.035,0.076,0.032,0.12,0.02,53.9,Post-Pandemic Recovery,0.041,Simulated Bureau of Statistics
460,658,26,0.062,0.032,0.036,0.24,0.022,79.0,Inflation Spike,0.033,Simulated Bureau of Statistics
461,1109,936,0.049,0.076,0.044,0.16,0.01,71.3,Tech Boom,0.023,Simulated Bureau of Statistics
462,1304,365,0.06,0.023,0.03,0.29,0.024,62.9,Inflation Spike,0.037,Simulated Bureau of Statistics
463,1047,170,0.06,0.057,0.047,0.22,0.0,62.1,Tech Boom,0.032,Simulated Bureau of Statistics
464,2049,103,0.047,0.07,0.015,0.26,0.014,78.6,Stable Growth,0.036,Simulated Bureau of Statistics
465,415,652,0.082,0.036,-0.001,0.23,0.037,49.5,Tech Boom,0.049,Simulated Bureau of Statistics
466,1172,319,0.067,0.044,0.019,0.24,0.036,75.5,Post-Pandemic Recovery,0.035,Simulated Bureau of Statistics
467,1793,94,0.063,0.065,0.024,0.13,-0.007,79.0,Tech Boom,0.039,Simulated Bureau of Statistics
468,132,805,0.041,0.044,-0.007,0.29,0.013,44.9,Post-Pandemic Recovery,0.033,Simulated Bureau of Statistics
469,1511,22,0.077,0.018,-0.018,0.13,0.031,75.3,Tech Boom,0.042,Simulated Bureau of Statistics
470,53,728,0.023,0.043,0.03,0.26,0.039,44.9,Stable Growth,0.048,Simulated Bureau of Statistics
471,1902,462,0.085,0.059,0.046,0.26,0.038,81.8,Post-Pandemic Recovery,0.018,Simulated Bureau of Statistics
472,1967,483,0.06,0.071,0.012,0.18,-0.0,56.2,Stable Growth,0.036,Simulated Bureau of Statistics
473,2095,392,0.062,0.059,0.01,0.29,0.012,60.1,Tech Boom,0.039,Simulated Bureau of Statistics
474,750,414,0.031,0.02,0.006,0.28,0.001,65.1,Post-Pandemic Recovery,0.046,Simulated Bureau of Statistics
475,1123,913,0.032,0.073,0.044,0.12,0.032,54.2,Tech Boom,0.047,Simulated Bureau of Statistics
476,1715,525,0.048,0.074,0.027,0.2,0.028,44.3,Stable Growth,0.015,Simulated Bureau of Statistics
477,198,443,0.027,0.059,0.037,0.19,0.026,77.0,Inflation Spike,0.017,Simulated Bureau of Statistics
478,1434,702,0.042,0.07,-0.019,0.28,0.022,44.6,Tech Boom,0.021,Simulated Bureau of Statistics
479,479,433,0.021,0.054,-0.006,0.27,0.03,45.6,Inflation Spike,0.05,Simulated Bureau of Statistics
480,2163,515,0.067,0.044,0.023,0.26,0.034,89.4,Post-Pandemic Recovery,0.011,Simulated Bureau of Statistics
481,1923,545,0.046,0.07,-0.005,0.21,0.012,84.3,Inflation Spike,0.043,Simulated Bureau of Statistics
482,1638,847,0.071,0.054,0.028,0.14,0.024,63.8,Stable Growth,0.04,Simulated Bureau of Statistics
483,1102,945,0.069,0.03,0.047,0.27,0.031,73.8,Post-Pandemic Recovery,0.047,Simulated Bureau of Statistics
484,1445,611,0.074,0.015,0.013,0.14,0.023,45.6,Inflation Spike,0.012,Simulated Bureau of Statistics
485,1564,176,0.067,0.04,0.039,0.16,0.003,51.5,Inflation Spike,0.022,Simulated Bureau of Statistics
486,1393,184,0.071,0.014,0.039,0.16,0.005,77.4,Inflation Spike,0.03,Simulated Bureau of Statistics
487,1644,710,0.078,0.016,-0.007,0.21,0.006,70.4,Inflation Spike,0.013,Simulated Bureau of Statistics
488,1112,477,0.021,0.046,-0.003,0.26,0.013,70.4,Inflation Spike,0.022,Simulated Bureau of Statistics
489,1010,648,0.023,0.056,0.023,0.19,-0.008,41.2,Tech Boom,0.018,Simulated Bureau of Statistics
490,1277,68,0.072,0.051,0.022,0.18,0.006,73.9,Stable Growth,0.032,Simulated Bureau of Statistics
491,840,888,0.096,0.076,0.001,0.17,0.005,47.5,Inflation Spike,0.04,Simulated Bureau of Statistics
492,812,201,0.08,0.034,0.033,0.11,0.031,62.5,Post-Pandemic Recovery,0.031,Simulated Bureau of Statistics
493,995,211,0.045,0.058,0.046,0.26,0.028,50.7,Tech Boom,0.029,Simulated Bureau of Statistics
494,1993,498,0.087,0.048,0.025,0.12,-0.002,52.7,Stable Growth,0.049,Simulated Bureau of Statistics
495,1852,576,0.021,0.05,0.045,0.26,0.015,41.4,Tech Boom,0.049,Simulated Bureau of Statistics
496,539,394,0.089,0.034,-0.018,0.2,-0.008,56.4,Tech Boom,0.047,Simulated Bureau of Statistics
497,218,558,0.08,0.042,0.031,0.29,-0.002,77.3,Post-Pandemic Recovery,0.049,Simulated Bureau of Statistics
498,1527,587,0.066,0.047,-0.015,0.27,0.031,46.5,Post-Pandemic Recovery,0.024,Simulated Bureau of Statistics
499,1068,962,0.084,0.014,-0.002,0.14,-0.004,55.8,Post-Pandemic Recovery,0.026,Simulated Bureau of Statistics
500,701,77,0.04,0.029,0.013,0.23,0.021,57.5,Inflation Spike,0.014,Simulated Bureau of Statistics
